station_code,exit_number,latitude,longitude,osm_type,osm_id
100,1,35.0895927,128.9742370,node,8266252770
100,2,35.0898791,128.9742516,node,8266252771
100,3,35.0894401,128.9731090,node,8266252772
100,4,35.0901780,128.9731060,node,8266252775
100,5,35.0894425,128.9728763,node,8266252773
100,6,35.0899328,128.9727966,node,8266252774
101,1,35.0944191,128.9604147,node,8266247474
101,2,35.0949834,128.9612243,node,8266247475
101,3,35.0951374,128.9604005,node,8266247476
101,4,35.0950396,128.9618934,node,8266247481
101,5,35.0952052,128.9603689,node,8266247477
101,6,35.0954288,128.9617273,node,8266247480
101,7,35.0952750,128.9603993,node,8266247478
101,9,35.0959711,128.9603534,node,8266247479
102,1,35.1063831,128.9646656,node,5669094407
102,10,35.1057379,128.9680494,node,5669094399
102,11,35.1060818,128.9686969,node,5669094414
102,12,35.1057045,128.9683430,node,5669094400
102,2,35.1060299,128.9646675,node,5669094408
102,3,35.1063960,128.9660234,node,5669094404
102,4,35.1060602,128.9661481,node,5669094406
102,5,35.1063966,128.9665113,node,5669094403
102,6,35.1060656,128.9665374,node,5669094405
102,7,35.1064096,128.9676335,node,5669094402
102,8,35.1060608,128.9675352,node,5669094401
102,9,35.1064979,128.9684620,node,5669094415
103,1,35.1038939,128.9730573,node,8266242422
103,2,35.1036198,128.9729341,node,8266242423
103,3,35.1037488,128.9735216,node,8266242424
103,4,35.1034841,128.9733921,node,8266242425
103,5,35.1033220,128.9747556,node,8266242426
103,6,35.1031274,128.9746700,node,8266242427
104,1,35.1000851,128.9823720,node,8266205576
104,2,35.0998404,128.9823107,node,8266205577
104,3,35.0997715,128.9839281,node,8266205578
104,4,35.0995742,128.9833029,node,8266205580
104,6,35.0994500,128.9838426,node,8266205579
105,1,35.0998271,128.9918895,node,8266205568
105,1,35.0995700,128.9919927,node,8266205569
105,10,35.1000371,128.9935195,node,8266205573
105,3,35.1001173,128.9928623,node,8266205570
105,4,35.0999015,128.9930559,node,8266205571
105,5,35.1002901,128.9934100,node,8266205572
105,6,35.0998030,128.9931932,node,8266205574
105,8,35.0998576,128.9934375,node,8266205575
106,1,35.1033251,129.0000850,node,8266199846
106,2,35.1030370,129.0001718,node,8266199847
106,3,35.1035109,129.0004882,node,8266199848
106,4,35.1031873,129.0006509,node,8266199849
107,1,35.1109578,129.0117161,node,8266202589
107,2,35.1105488,129.0122418,node,8266202590
107,3,35.1112816,129.0122471,node,8266202591
107,4,35.1108919,129.0126811,node,8266202592
108,1,35.1112330,129.0174428,node,8266184055
108,2,35.1113708,129.0170351,node,8266184056
108,3,35.1107942,129.0176788,node,8266184058
108,4,35.1106941,129.0173956,node,8266184057
108,5,35.1104001,129.0178805,node,8266184059
108,6,35.1103079,129.0176070,node,8266184060
108,7,35.1098744,129.0181488,node,8266184062
108,8,35.1097805,129.0178698,node,8266184061
109,1,35.1016349,129.0199981,node,8266133189
109,10,35.0993178,129.0196156,node,8266133198
109,2,35.1018891,129.0197441,node,8266133190
109,3,35.1012928,129.0199869,node,8266133191
109,4,35.1004214,129.0196158,node,8266133192
109,5,35.1000135,129.0199263,node,8266133194
109,6,35.1000178,129.0195992,node,8266133193
109,7,35.0996046,129.0199265,node,8266133195
109,8,35.0996244,129.0195739,node,8266133196
109,9,35.0993230,129.0199188,node,8266133197
110,1,35.0968433,129.0246403,node,5163594106
110,10,35.0975171,129.0278078,node,5163594114
110,2,35.0966289,129.0248053,node,5163594105
110,3,35.0974459,129.0264474,node,5163594110
110,4,35.0969915,129.0261207,node,5163594109
110,5,35.0976096,129.0271202,node,5163594111
110,6,35.0971891,129.0265505,node,5163594108
110,7,35.0977385,129.0276854,node,5163594112
110,8,35.0973746,129.0272221,node,5163594113
111,1,35.0977768,129.0339261,node,5163601680
111,10,35.0983324,129.0361391,node,5163601676
111,2,35.0974996,129.0332905,node,5163601682
111,3,35.0979021,129.0343773,node,5163601681
111,4,35.0976750,129.0348683,node,5163601679
111,5,35.0981518,129.0352134,node,5163601677
111,6,35.0976863,129.0354837,node,5163601678
111,7,35.0986370,129.0354924,node,8266086677
111,8,35.0978879,129.0359284,node,5163601675
112,1,35.1018470,129.0363233,node,4952423325
112,10,35.1048811,129.0364282,node,4952423333
112,11,35.1045750,129.0362419,node,4952423336
112,12,35.1055784,129.0364169,node,8266070114
112,13,35.1048727,129.0362375,node,4952423335
112,14,35.1057825,129.0363954,node,8266070115
112,15,35.1053647,129.0361766,node,8266070113
112,17,35.1057733,129.0361444,node,8266070116
112,2,35.1026628,129.0365865,node,4952423326
112,3,35.1026559,129.0363515,node,4952423327
112,4,35.1031657,129.0365490,node,4952423328
112,5,35.1028430,129.0362513,node,4952423329
112,6,35.1036986,129.0364944,node,4952423332
112,7,35.1029965,129.0360350,node,4952423330
112,8,35.1045800,129.0364476,node,4952423334
112,9,35.1031631,129.0362979,node,4952423331
113,1,35.1138158,129.0388879,node,8266060519
113,10,35.1151235,129.0399160,node,8266060526
113,2,35.1137001,129.0391949,node,8266060520
113,3,35.1141023,129.0390237,node,8266060521
113,4,35.1139938,129.0393181,node,8266060522
113,5,35.1149716,129.0393963,node,8266060523
113,6,35.1147648,129.0397587,node,8266060524
113,7,35.1152179,129.0394907,node,8266060527
113,8,35.1148347,129.0400694,node,8266060525
114,1,35.1192203,129.0417272,node,8266059442
114,10,35.1214280,129.0433019,node,8266059450
114,12,35.1218531,129.0435256,node,8266059452
114,2,35.1191011,129.0421232,node,8266059443
114,3,35.1196596,129.0416680,node,8266059444
114,4,35.1194735,129.0422674,node,8266059445
114,5,35.1203949,129.0424159,node,8266059446
114,6,35.1203064,129.0427046,node,8266059447
114,7,35.1215196,129.0430330,node,8266059449
114,8,35.1205580,129.0428273,node,8266059448
114,9,35.1219549,129.0432568,node,8266059451
115,1,35.1272341,129.0468156,node,8265994360
115,2,35.1268438,129.0473434,node,8265994361
115,3,35.1273846,129.0471913,node,8265994362
115,4,35.1271696,129.0475454,node,8265994363
115,5,35.1279918,129.0478903,node,8265994364
115,6,35.1278297,129.0481419,node,8265994365
115,7,35.1284463,129.0483989,node,8265994367
115,8,35.1282227,129.0485545,node,8265994366
116,1,35.1337735,129.0536524,node,8266003083
116,2,35.1335814,129.0538895,node,8266003084
116,3,35.1341692,129.0540343,node,8266003086
116,4,35.1336191,129.0541330,node,8266003085
116,5,35.1346404,129.0544796,node,8266003087
116,6,35.1344430,129.0547853,node,8266003088
116,7,35.1350098,129.0548454,node,8266003089
116,8,35.1348159,129.0551844,node,8266003090
117,1,35.1396484,129.0592867,node,8265988477
117,10,35.1416441,129.0596184,node,8265988486
117,12,35.1418978,129.0595053,node,8265988487
117,2,35.1396512,129.0594838,node,8265988478
117,3,35.1400560,129.0592828,node,8265988479
117,4,35.1400594,129.0594777,node,8265988480
117,5,35.1408140,129.0592014,node,8265988481
117,6,35.1408221,129.0595043,node,8265988482
117,7,35.1411467,129.0591153,node,8265988483
117,8,35.1411497,129.0594982,node,8265988484
117,9,35.1416284,129.0591905,node,8265988485
118,1,35.1465944,129.0591424,node,8265959999
118,2,35.1466047,129.0593948,node,8265960000
118,3,35.1468525,129.0589243,node,8265960001
118,4,35.1468594,129.0594999,node,8265960002
118,5,35.1477279,129.0589691,node,8265960003
118,6,35.1476815,129.0595311,node,8265960004
118,7,35.1480227,129.0591141,node,8265960005
118,8,35.1480240,129.0593327,node,8265960006
119,10,35.1579461,129.0598309,node,8265954355
119,12,35.1588237,129.0601971,node,8265954356
119,13,35.1583033,129.0591656,node,8265954354
119,15,35.1589254,129.0599892,node,8265954357
119,8,35.1577705,129.0601594,node,8265954351
120,1,35.1622101,129.0622351,node,8265931023
120,1,35.1639548,129.0607863,node,8276787034
120,2,35.1616962,129.0625430,node,8265931024
120,2,35.1652223,129.0604724,node,8276787033
120,3,35.1622935,129.0625742,node,8265931025
120,4,35.1621794,129.0628735,node,8265931026
120,5,35.1629495,129.0631535,node,8265931027
120,6,35.1628504,129.0633981,node,8265931028
120,7,35.1633530,129.0634196,node,8265931029
120,8,35.1632539,129.0636814,node,8265931030
121,1,35.1727622,129.0709071,node,8265911739
121,2,35.1726154,129.0712626,node,8265911740
121,3,35.1729137,129.0707582,node,8265911741
121,4,35.1728473,129.0714321,node,8265911742
121,5,35.1730806,129.0708899,node,8265911743
121,6,35.1732338,129.0717546,node,8265911744
121,7,35.1733821,129.0713691,node,8265911745
121,8,35.1734408,129.0718032,node,8265911746
121,9,35.1735669,129.0715402,node,8265911747
122,1,35.1792094,129.0759465,node,4656500068
122,2,35.1789902,129.0762227,node,4656500069
122,3,35.1795378,129.0762272,node,4656500007
122,4,35.1793547,129.0765052,node,4656500067
122,5,35.1799502,129.0765848,node,4656500063
122,6,35.1798375,129.0768906,node,4656500066
122,7,35.1804272,129.0769764,node,4656500064
122,8,35.1801192,129.0771132,node,4656500065
123,1,35.1852374,129.0808966,node,8265805957
123,10,35.1860567,129.0823550,node,8265805965
123,12,35.1862442,129.0822837,node,8265805966
123,2,35.1852798,129.0812668,node,8265805958
123,4,35.1854664,129.0819314,node,8265805960
123,6,35.1856269,129.0821880,node,8265805962
123,8,35.1858108,129.0822926,node,8265805963
124,,35.1939490,129.0801687,node,5279364046
124,,35.1941452,129.0799917,node,5279364047
124,1,35.1946740,129.0796960,node,8265705599
124,10,35.1942270,129.0799782,node,8265705607
124,11,35.1931915,129.0789009,node,8265705608
124,12,35.1931850,129.0782066,node,8265705609
124,2,35.1947677,129.0802407,node,8265705600
124,3,35.1953492,129.0794349,node,8265705601
124,4,35.1950132,129.0804167,node,8265705602
124,5,35.1962433,129.0797651,node,8265705603
124,6,35.1961503,129.0803993,node,8265705604
124,8,35.1963483,129.0800918,node,8265705605
124,9,35.1938873,129.0802027,node,8265705606
125,1,35.2050932,129.0783697,node,1772360709
125,2,35.2051021,129.0786406,node,1772360707
125,3,35.2059875,129.0783563,node,1772360704
125,4,35.2059919,129.0786245,node,1772360713
126,1,35.2122202,129.0793245,node,1772360740
126,2,35.2121431,129.0795358,node,1772360735
126,3,35.2130638,129.0798932,node,1772360732
126,4,35.2129718,129.0800809,node,1772360737
126,5,35.2119243,129.0791531,node,1772360741
127,1,35.2197624,129.0859784,node,1772360711
127,2,35.2196860,129.0861910,node,1772360706
127,3,35.2208911,129.0866148,node,1772360730
127,4,35.2208253,129.0868294,node,1772360728
127,5,35.2210072,129.0866792,node,1772360743
128,1,35.2292478,129.0892651,node,1772360726
128,2,35.2292479,129.0895172,node,1772360715
128,3,35.2303226,129.0891451,node,1772360724
128,4,35.2303521,129.0893831,node,1772360720
129,1,35.2375841,129.0881195,node,1772360701
129,2,35.2376279,129.0883260,node,1772360702
129,3,35.2385568,129.0879720,node,1772360742
129,4,35.2385499,129.0881779,node,1772360700
130,1,35.2465598,129.0911062,node,1772360722
130,2,35.2465546,129.0913073,node,1772360744
130,3,35.2479549,129.0911980,node,1772360733
130,4,35.2479471,129.0914204,node,1772360745
131,1,35.2563301,129.0912474,node,4701614790
131,1,35.2563347,129.0912305,node,8265472388
131,2,35.2563314,129.0915613,node,4701614789
131,2,35.2563353,129.0915521,node,8265472389
131,3,35.2567456,129.0912405,node,4701614791
131,3,35.2566891,129.0912305,node,8265472390
131,4,35.2567468,129.0915549,node,4701614388
131,4,35.2566891,129.0915294,node,8265472391
131,5,35.2573142,129.0912341,node,4735601826
131,5,35.2573283,129.0912350,node,8265472392
131,6,35.2573138,129.0915483,node,4701614386
131,6,35.2573273,129.0915363,node,8265472393
131,7,35.2577296,129.0912271,node,4735601825
131,7,35.2576178,129.0912305,node,8265472394
131,8,35.2577293,129.0915414,node,4735601827
131,8,35.2576204,129.0915296,node,8265472395
132,1,35.2645129,129.0921610,node,4735601845
132,1,35.2645807,129.0921427,node,8265433408
132,2,35.2644656,129.0924699,node,4735601854
132,2,35.2645466,129.0924221,node,8265433409
132,3,35.2649223,129.0922471,node,4735601842
132,3,35.2649713,129.0922414,node,4735601873
132,3,35.2648484,129.0922071,node,8265433410
132,4,35.2648751,129.0925560,node,4735601857
132,4,35.2649285,129.0925805,node,4735601874
132,4,35.2648107,129.0925051,node,8265433411
132,5,35.2655505,129.0923816,node,4735601835
132,5,35.2656318,129.0923817,node,8265433412
132,6,35.2655053,129.0926912,node,4735601864
132,6,35.2656055,129.0926843,node,8265433413
132,7,35.2659599,129.0924677,node,4735601832
132,7,35.2658955,129.0924418,node,8265433414
132,8,35.2659147,129.0927773,node,4735601867
132,8,35.2658613,129.0927497,node,8265433415
133,1,35.2723770,129.0924579,node,8256828710
133,2,35.2724106,129.0927559,node,8256828711
133,3,35.2727676,129.0924401,node,8256828712
133,4,35.2727740,129.0927424,node,8256828713
133,5,35.2735487,129.0924336,node,8256828714
133,6,35.2735596,129.0927996,node,8256828715
133,7,35.2738924,129.0924412,node,8256828716
133,8,35.2739013,129.0927903,node,8256829517
134,1,35.2840474,129.0948315,node,8256799987
134,2,35.2836232,129.0948612,node,8256799988
134,3,35.2842949,129.0951375,node,8256799989
201,1,35.1703427,129.1781750,node,8272556740
201,10,35.1698382,129.1756766,node,8272556748
201,11,35.1688550,129.1759956,node,8272556751
201,12,35.1697253,129.1754365,node,8272556749
201,13,35.1689869,129.1756086,node,8272556752
201,14,35.1692553,129.1754555,node,8272556753
201,2,35.1705296,129.1780741,node,8272556741
201,3,35.1698424,129.1779268,node,8272556743
201,4,35.1706309,129.1773770,node,8272556742
201,5,35.1698954,129.1772122,node,8272556744
201,6,35.1700887,129.1770907,node,8272556745
201,7,35.1696361,129.1766207,node,8272556747
201,8,35.1698330,129.1765046,node,8272556746
201,9,35.1691019,129.1762397,node,8272556750
202,1,35.1665981,129.1695668,node,8272531334
202,10,35.1670532,129.1675245,node,8272531341
202,12,35.1668216,129.1674610,node,8272531342
202,2,35.1667977,129.1695587,node,8272531335
202,3,35.1665736,129.1686857,node,8272531336
202,4,35.1669786,129.1685255,node,8272531337
202,5,35.1662892,129.1683723,node,8272531338
202,6,35.1670778,129.1683008,node,8272531339
202,7,35.1662425,129.1680691,node,8272531344
202,8,35.1671380,129.1677568,node,8272531340
202,9,35.1663958,129.1675212,node,8272531343
203,1,35.1637155,129.1592698,node,8272555754
203,2,35.1638386,129.1589558,node,8272555755
203,3,35.1634500,129.1591651,node,8272555759
203,4,35.1635355,129.1584317,node,8272555756
203,5,35.1632921,129.1588972,node,8272555758
203,7,35.1632818,129.1584614,node,8272555757
204,1,35.1612032,129.1479411,node,8272527818
204,2,35.1615123,129.1481024,node,8272527819
204,3,35.1616778,129.1470358,node,8272527821
204,4,35.1619043,129.1473869,node,8272527820
205,1,35.1713999,129.1361574,node,6235412165
205,1,35.1681657,129.1394842,node,8269443420
205,11,35.1690510,129.1383348,node,8269443425
205,2,35.1716620,129.1360342,node,8269437366
205,2,35.1683746,129.1397423,node,8269443419
205,3,35.1717211,129.1359268,node,8269437367
205,3,35.1679728,129.1392654,node,8269443421
205,4,35.1687832,129.1393864,node,8269443428
205,5,35.1682669,129.1385247,node,8269443422
205,6,35.1691991,129.1388360,node,8269443427
205,7,35.1686327,129.1384502,node,8269443423
205,8,35.1692875,129.1385000,node,8269443426
205,9,35.1688184,129.1382971,node,8269443424
206,1,35.1689502,129.1327487,node,8269411686
206,10,35.1687527,129.1310455,node,8269411696
206,11,35.1682938,129.1314259,node,8269411695
206,12,35.1685304,129.1306283,node,8269411697
206,13,35.1681772,129.1308415,node,8269411698
206,2,35.1695672,129.1325612,node,8269411687
206,3,35.1688461,129.1325760,node,8269411688
206,4,35.1696155,129.1322245,node,8269411689
206,5,35.1689009,129.1321910,node,8269411692
206,6,35.1695013,129.1320045,node,8269411690
206,7,35.1685905,129.1315396,node,8269411693
206,8,35.1691609,129.1317854,node,8269411691
206,9,35.1684127,129.1315264,node,8269411694
207,1,35.1664665,129.1226628,node,8269377084
207,2,35.1665740,129.1227877,node,8269377085
207,3,35.1674111,129.1214100,node,8269377086
207,4,35.1675727,129.1215796,node,8269377087
208,10,35.1655527,129.1146344,node,8269398835
208,11,35.1661288,129.1150185,node,8269398832
208,12,35.1642383,129.1143394,node,8269398838
208,13,35.1654556,129.1148760,node,8269398834
208,14,35.1637034,129.1142401,node,8269398836
208,15,35.1641995,129.1146472,node,8269398839
208,17,35.1636713,129.1145506,node,8269398837
208,8,35.1661625,129.1147665,node,8269398833
209,1,35.1585689,129.1134583,node,6166890357
209,2,35.1586206,129.1131840,node,6166890358
209,3,35.1575001,129.1131536,node,6166890356
209,4,35.1575112,129.1129362,node,6166890355
209,5,35.1568744,129.1130348,node,6166890354
209,6,35.1570099,129.1127609,node,6166890353
210,1,35.1505996,129.1113714,node,8269374953
210,2,35.1506444,129.1110982,node,8269374954
210,3,35.1500527,129.1112114,node,8269374955
210,4,35.1500846,129.1109485,node,8269374956
210,5,35.1489170,129.1108926,node,8269374957
210,6,35.1489521,129.1106422,node,8269374958
211,1,35.1426271,129.1086206,node,8269333262
211,2,35.1427296,129.1084914,node,8269333263
211,3,35.1411186,129.1070544,node,8269333264
211,4,35.1412301,129.1069338,node,8269333265
212,1,35.1379060,129.1013782,node,8269342900
212,2,35.1380585,129.1012456,node,8269342901
212,3,35.1373566,129.1003528,node,8269342902
212,4,35.1375189,129.1001314,node,8269342903
212,5,35.1370378,129.0996578,node,8269342904
212,6,35.1372719,129.0995823,node,8269342905
213,1,35.1350798,129.0930401,node,8269332203
213,2,35.1352554,129.0930365,node,8269332204
213,3,35.1350443,129.0922461,node,8269332205
213,4,35.1352251,129.0922416,node,8269332206
213,5,35.1349964,129.0915650,node,8269332207
213,6,35.1351963,129.0915605,node,8269332208
214,1,35.1346388,129.0847286,node,8269293990
214,2,35.1347912,129.0847247,node,8269293991
214,3,35.1346116,129.0841230,node,8269293992
214,4,35.1347664,129.0841263,node,8269293993
215,1,35.1349969,129.0750976,node,8269289579
215,2,35.1351898,129.0753827,node,8269289580
215,3,35.1358389,129.0736494,node,8269289582
215,4,35.1358859,129.0739807,node,8269289581
216,1,35.1381913,129.0674532,node,8269280531
216,2,35.1382864,129.0679302,node,8269280532
216,3,35.1395397,129.0669005,node,8269280533
216,4,35.1397972,129.0673774,node,8269280534
217,1,35.1455393,129.0664434,node,8269280717
217,2,35.1446852,129.0670037,node,8269280718
217,3,35.1460999,129.0664601,node,8269280719
217,4,35.1469291,129.0669568,node,8269280720
218,1,35.1518231,129.0651749,node,8269257043
218,2,35.1518367,129.0656368,node,8269257044
218,3,35.1524762,129.0651736,node,8269257045
218,4,35.1524793,129.0656342,node,8269257046
218,5,35.1532690,129.0651647,node,8269257047
218,6,35.1532711,129.0656291,node,8269257048
218,7,35.1543643,129.0651545,node,8269257049
218,8,35.1541640,129.0656214,node,8269257050
219,1,35.1568789,129.0590427,node,8265954344
219,11,35.1580608,129.0585951,node,8265954353
219,2,35.1568633,129.0592599,node,8265954345
219,3,35.1572260,129.0587149,node,8265954346
219,4,35.1572272,129.0594531,node,8265954347
219,5,35.1573258,129.0585913,node,8265954348
219,6,35.1574139,129.0596966,node,8265954349
219,7,35.1572942,129.0579108,node,8265954350
219,9,35.1580683,129.0578949,node,8265954352
220,1,35.1572999,129.0512094,node,8269113340
220,2,35.1578016,129.0511150,node,8269113339
220,3,35.1571092,129.0510698,node,5279364100
220,4,35.1579008,129.0509317,node,5279364099
220,5,35.1571023,129.0504248,node,5279364095
220,6,35.1577577,129.0503090,node,5279364096
220,7,35.1569140,129.0492760,node,5279364098
220,8,35.1572861,129.0491428,node,5279364097
221,,35.1559468,129.0424333,node,5473308588
221,1,35.1556987,129.0431780,node,5279364092
221,2,35.1560606,129.0430715,node,5279364091
221,3,35.1555956,129.0425890,node,5279364093
221,4,35.1559561,129.0425132,node,5279364094
222,1,35.1539658,129.0332848,node,8269071521
222,2,35.1543518,129.0331861,node,8269071522
222,3,35.1536811,129.0324667,node,8269071523
222,4,35.1543860,129.0325306,node,8269071524
222,5,35.1535740,129.0320149,node,8269071525
222,6,35.1545175,129.0317806,node,8269071528
222,7,35.1536681,129.0316442,node,8269071526
222,8,35.1540518,129.0314523,node,8269071527
223,1,35.1530338,129.0213180,node,8269068824
223,2,35.1534100,129.0213014,node,8269068825
223,3,35.1529398,129.0206981,node,8269068826
223,4,35.1534398,129.0203146,node,8269068829
223,5,35.1527494,129.0202727,node,8269068827
223,7,35.1528924,129.0198382,node,8269068828
224,1,35.1511359,129.0131137,node,8269057278
224,2,35.1514908,129.0130803,node,8269057279
224,3,35.1510029,129.0115041,node,8269057280
224,4,35.1513534,129.0114480,node,8269057281
224,5,35.1509726,129.0111698,node,8269057282
224,6,35.1513273,129.0111214,node,8269057283
225,1,35.1503739,129.0038909,node,8269051673
225,2,35.1507015,129.0038519,node,8269051674
225,3,35.1503246,129.0034651,node,8269051676
225,4,35.1506670,129.0034230,node,8269051675
225,5,35.1502596,129.0027440,node,8269051677
225,6,35.1506235,129.0026947,node,8269051678
225,7,35.1502255,129.0023917,node,8269051680
225,8,35.1505970,129.0023515,node,8269051679
226,1,35.1555514,128.9911286,node,8269000468
226,2,35.1556416,128.9912294,node,8269000469
226,3,35.1558017,128.9908052,node,8269000470
226,4,35.1561105,128.9908390,node,8269000471
227,1,35.1617787,128.9846268,node,8269003091
227,1,35.1621420,128.9859769,node,8269003098
227,2,35.1617609,128.9857190,node,8269003092
227,2,35.1624075,128.9859413,node,8269003097
227,3,35.1624358,128.9841420,node,8269003093
227,4,35.1624076,128.9850861,node,8269003094
227,5,35.1636499,128.9837337,node,8269003095
227,6,35.1637438,128.9840744,node,8269003096
228,1,35.1729005,128.9835586,node,8268996255
228,2,35.1728479,128.9838086,node,8268996256
228,3,35.1742519,128.9840253,node,8268996257
228,4,35.1742089,128.9842903,node,8268996258
229,1,35.1797458,128.9853475,node,5903033765
229,2,35.1797280,128.9856126,node,5903033764
229,3,35.1810463,128.9856773,node,5903033762
229,4,35.1810438,128.9859931,node,5903033763
230,1,35.1887882,128.9880775,node,5843419434
230,2,35.1886968,128.9883854,node,5843419432
230,3,35.1903240,128.9888377,node,5843419430
230,4,35.1902501,128.9890379,node,5843419431
231,1,35.1971351,128.9949923,node,5835485184
231,2,35.1970071,128.9952387,node,5835485185
231,3,35.1975754,128.9953121,node,5835485186
231,4,35.1960611,128.9945877,node,5835485174
231,4,35.1974720,128.9955786,node,8268960564
232,1,35.2023634,128.9990398,node,5835463263
232,2,35.2022308,128.9992242,node,5835463262
232,3,35.2033975,128.9999002,node,5835463260
232,4,35.2032763,129.0001162,node,5835463261
233,10,35.2116481,129.0048827,node,1772335958
233,12,35.2105398,129.0064608,node,1772335999
233,6,35.2104099,129.0056739,node,1772335795
233,7,35.2115869,129.0046064,node,1772335885
233,8,35.2105152,129.0053732,node,1772335915
233,9,35.2103339,129.0066096,node,1772335808
234,1,35.2231396,129.0089408,node,1772344186
234,2,35.2227141,129.0091330,node,1772344203
234,3,35.2236466,129.0089435,node,1772344189
234,4,35.2234976,129.0094464,node,1772344202
235,1,35.2352412,129.0136963,node,8268920370
235,2,35.2352322,129.0139669,node,8268920371
235,3,35.2357279,129.0137348,node,8268920372
235,4,35.2357185,129.0139929,node,8268920373
235,5,35.2364352,129.0137660,node,8268920374
235,6,35.2364273,129.0140244,node,8268920375
236,1,35.2461232,129.0127360,node,8268898002
236,2,35.2461279,129.0130212,node,8268898003
236,3,35.2466759,129.0127641,node,8268898004
236,4,35.2466749,129.0130397,node,8268898005
237,1,35.2579488,129.0127219,node,8268895990
237,2,35.2585706,129.0125361,node,8268895989
238,1,35.2660457,129.0166061,node,1764078366
238,2,35.2661795,129.0162673,node,1764078362
238,3,35.2663879,129.0167957,node,1764078352
238,4,35.2665385,129.0164704,node,1764078364
238,5,35.2682616,129.0174237,node,1764078371
238,6,35.2670687,129.0172256,node,4002413815
239,1,35.2811515,129.0170538,node,1762846649
239,2,35.2817170,129.0172188,node,8268839623
239,3,35.2813888,129.0170276,node,8268839624
240,1,35.3083842,129.0099964,node,8268801333
241,1,35.3167168,129.0134094,node,8268792544
241,3,35.3171724,129.0130149,node,8268792545
241,5,35.3172293,129.0136734,node,8268792546
242,1,35.3254904,129.0188114,node,8268752339
242,2,35.3252613,129.0195565,node,8268752341
242,3,35.3261358,129.0192758,node,8268752340
243,1,35.3382146,129.0262314,node,8268708681
243,2,35.3386090,129.0266062,node,8268708682
243,3,35.3391929,129.0269867,node,8268708684
243,4,35.3384710,129.0269968,node,8268708683
301,1,35.1677513,129.1153957,node,8269398824
301,2,35.1677222,129.1148397,node,8269398831
301,3,35.1676943,129.1159053,node,8269398825
301,4,35.1674721,129.1146740,node,8269398830
301,5,35.1675213,129.1159901,node,8269398826
301,6,35.1669607,129.1149091,node,8269398829
301,7,35.1671578,129.1156477,node,8269398827
301,9,35.1669025,129.1152315,node,8269398828
302,1,35.1710384,129.1095625,node,8272889161
302,2,35.1713264,129.1096554,node,8272889162
302,3,35.1713277,129.1086843,node,8272889163
302,4,35.1715221,129.1087829,node,8272889164
302,5,35.1714961,129.1079733,node,8272889165
302,6,35.1716777,129.1080376,node,8272889166
302,7,35.1716496,129.1073357,node,8272889167
302,8,35.1718375,129.1074051,node,8272889168
303,1,35.1732943,129.0963724,node,8272871494
303,2,35.1734455,129.0963690,node,8272871495
303,3,35.1733813,129.0957994,node,8272871496
303,4,35.1735098,129.0958155,node,8272871499
303,5,35.1734972,129.0947452,node,8272871497
303,6,35.1736392,129.0947648,node,8272871498
304,1,35.1762369,129.0858002,node,8272831338
304,2,35.1762548,129.0860689,node,8272831339
304,3,35.1773633,129.0853179,node,8272831341
304,4,35.1773992,129.0855807,node,8272831340
305,14,35.1866608,129.0817672,node,8265805968
305,16,35.1867840,129.0816098,node,8265805967
305,17,35.1861072,129.0808083,node,8265805969
305,3,35.1857953,129.0811402,node,8265805959
305,5,35.1863864,129.0810561,node,8265805961
305,7,35.1866278,129.0813201,node,8265805964
306,1,35.1880044,129.0746761,node,8272804951
306,10,35.1897473,129.0742817,node,8272804957
306,2,35.1884860,129.0749293,node,8272804952
306,3,35.1879826,129.0737221,node,8272804958
306,4,35.1889572,129.0748468,node,8272804953
306,5,35.1880494,129.0730666,node,8272804959
306,6,35.1892302,129.0746078,node,8272804954
306,7,35.1884563,129.0730076,node,8272804960
306,8,35.1890018,129.0741320,node,8272804955
306,9,35.1894954,129.0746768,node,8272804956
307,1,35.1907616,129.0684974,node,8272740492
307,11,35.1913364,129.0672173,node,8272740495
307,2,35.1911800,129.0686633,node,8272740493
307,3,35.1906893,129.0680852,node,8272740491
307,4,35.1917906,129.0676221,node,8272740494
307,5,35.1902906,129.0674894,node,8272740498
307,7,35.1905132,129.0669681,node,8272740497
307,9,35.1910692,129.0667711,node,8272740496
308,1,35.1979868,129.0652308,node,8272727244
308,2,35.1980519,129.0655388,node,8272727245
308,3,35.1992203,129.0648187,node,8272727246
308,4,35.1992928,129.0651390,node,8272727247
309,1,35.2047279,129.0673661,node,8272709274
309,2,35.2046196,129.0676156,node,8272709275
309,3,35.2052360,129.0677124,node,8272709277
309,4,35.2051398,129.0679618,node,8272709276
309,5,35.2058651,129.0681805,node,8272709279
309,6,35.2057827,129.0683908,node,8272709278
310,1,35.2120866,129.0364567,node,8272694845
310,2,35.2131740,129.0368426,node,8272694847
310,3,35.2125491,129.0362916,node,8272694846
310,4,35.2133038,129.0361891,node,8272694848
311,1,35.2130688,129.0248653,node,8272632603
311,2,35.2135293,129.0248590,node,8046188412
311,3,35.2132469,129.0240513,node,8046184994
311,4,35.2134141,129.0233907,node,8046170864
311,5,35.2132343,129.0233376,node,8046185807
312,1,35.2122908,129.0144214,node,4008720657
312,2,35.2124421,129.0143470,node,4008720658
312,3,35.2120943,129.0135714,node,4008720659
312,4,35.2122374,129.0134804,node,4008720660
312,5,35.2117479,129.0122756,node,4008720656
312,6,35.2119308,129.0122229,node,4008720655
313,1,35.2097044,129.0052606,node,1772335776
313,2,35.2098689,129.0055637,node,1772335922
313,3,35.2098731,129.0049765,node,1772335980
313,4,35.2100682,129.0057005,node,1772335940
313,5,35.2101967,129.0049254,node,1772335810
314,1,35.2069729,128.9969558,node,4656536095
314,3,35.2062929,128.9963178,node,4656536096
315,1,35.2111882,128.9826886,node,8272579693
315,2,35.2113425,128.9816543,node,8272579694
315,3,35.2110936,128.9819730,node,8272579695
315,5,35.2111926,128.9810556,node,8272579696
316,1,35.2122741,128.9702451,node,8272595318
316,2,35.2126294,128.9692779,node,8272595319
316,3,35.2123058,128.9694872,node,8272595320
317,1,35.2132062,128.9610666,node,8272589818
317,1,35.2128777,128.9608074,node,8272589820
317,2,35.2134427,128.9611822,node,8272589819
317,2,35.2132271,128.9608504,node,8272589821
401,10,35.2073575,129.0698757,node,8272709283
401,11,35.2083985,129.0689423,node,8272709287
401,12,35.2078577,129.0703918,node,8272709284
401,13,35.2085204,129.0695281,node,8272709286
401,14,35.2083047,129.0702040,node,8272709285
401,7,35.2064477,129.0685496,node,8272709280
401,8,35.2067571,129.0694654,node,8272709281
401,9,35.2075947,129.0690174,node,8272709282
402,5,35.2049925,129.0767783,node,8265671447
402,6,35.2048627,129.0767011,node,8265671448
402,7,35.2048257,129.0777455,node,8265671449
402,8,35.2044420,129.0776064,node,8265671450
403,1,35.2020959,129.0833025,node,8273165610
403,2,35.2018241,129.0834045,node,8273165612
403,3,35.2022228,129.0835162,node,8273165611
403,4,35.2014117,129.0838501,node,8273165613
403,5,35.2021213,129.0839153,node,8273170517
403,6,35.2012935,129.0841467,node,8273165614
403,7,35.2017804,129.0842324,node,8273165615
403,8,35.2015232,129.0843350,node,8273165616
404,1,35.2004080,129.0904429,node,8273152941
404,1,35.1974376,129.0913028,node,8276853232
404,2,35.2002403,129.0903221,node,8273152942
404,2,35.1969973,129.0911983,node,8276853233
404,3,35.2002180,129.0910330,node,8273152943
404,3,35.1973775,129.0906208,node,8276853234
404,4,35.2000370,129.0909587,node,8273152944
405,1,35.1994038,129.0972833,node,8273131472
405,2,35.1993714,129.0974998,node,8273131473
405,3,35.2000253,129.0976261,node,8273131474
405,4,35.1999434,129.0978940,node,8273131475
406,1,35.2049628,129.1014394,node,8273026467
406,2,35.2048778,129.1016733,node,8273026468
406,3,35.2054498,129.1017436,node,8273026469
406,4,35.2053556,129.1019989,node,8273026470
407,1,35.2129431,129.1072562,node,8273031134
407,2,35.2128344,129.1074102,node,8273031135
407,3,35.2133625,129.1076575,node,8273031136
407,4,35.2132630,129.1078168,node,8273031137
408,1,35.2158091,129.1148715,node,8273008178
408,2,35.2156160,129.1150835,node,8273008179
408,3,35.2160582,129.1155761,node,8273008180
408,4,35.2158076,129.1156763,node,8273008181
409,1,35.2178809,129.1235500,node,8273002253
409,2,35.2177691,129.1244666,node,8273002254
410,1,35.2181387,129.1372569,node,8272975380
410,2,35.2180189,129.1370604,node,8272975381
411,1,35.2255175,129.1459663,node,8272934671
411,2,35.2255520,129.1463579,node,8272934672
411,3,35.2258462,129.1460358,node,8272934673
412,1,35.2325431,129.1537045,node,8272941622
412,2,35.2323176,129.1538872,node,8272941621
412,3,35.2327356,129.1540261,node,8272941619
412,4,35.2325333,129.1542605,node,8272941620
413,1,35.2359563,129.1599263,node,8272929765
413,2,35.2357816,129.1599135,node,8272929766
413,3,35.2360456,129.1604431,node,8272929767
413,4,35.2358778,129.1604788,node,8272929764
414,1,35.2375927,129.1717859,node,8272897749
414,2,35.2372869,129.1719898,node,8272897751
414,3,35.2377910,129.1722243,node,8272897750
414,4,35.2374793,129.1724174,node,8272897752
95,1,35.0484656,128.9653723,node,8268584797
95,2,35.0481753,128.9652794,node,8268584798
95,3,35.0483609,128.9657776,node,8268584799
95,4,35.0479182,128.9661275,node,8268584800
96,1,35.0570341,128.9709735,node,8268546492
96,2,35.0568786,128.9711447,node,8268546493
96,3,35.0582310,128.9713784,node,8268546494
96,4,35.0580934,128.9716663,node,8268546495
97,1,35.0642995,128.9793709,node,8268498429
97,2,35.0643430,128.9797365,node,8268498430
97,3,35.0657910,128.9796091,node,8268498432
97,4,35.0645566,128.9799262,node,8268498431
97,6,35.0656805,128.9800870,node,8268498433
98,1,35.0745941,128.9766250,node,8268492345
98,2,35.0743545,128.9769049,node,8268492346
98,3,35.0754116,128.9767773,node,8268492347
98,4,35.0753818,128.9770594,node,8268492348
99,1,35.0809925,128.9772971,node,8268494349
99,2,35.0811747,128.9776663,node,8268494350
99,3,35.0821519,128.9770291,node,8268494351
99,4,35.0819197,128.9776542,node,8268494352
99,5,35.0825958,128.9772681,node,8268494353
99,6,35.0827442,128.9776246,node,8268494354
